k, Pre-Sorter
  8, 1083.18
  16, 1083.18
  32, 1083.18
  64, 1083.18
  128, 1083.18
  256, 1083.18
  512, 1083.18
  1024, 1083.18
  2048, 1083.18
  4096, 1083.18
  8192, 1083.19
  16384, 1083.19
  32768, 1083.22
  65536, 1083.24
  131072, 1083.28
  262144, 1083.36
  524288, 1083.48
  1048576, 1083.71
  2097152, 1084
  4194304, 1084.61
  8388608, 1085.75
  10000000, 1086.14